Time,Distance
1.366666667,152.55
1.5,150.21
1.533333333,149.21
1.566666667,149.16
1.6,148.22
1.633333333,148.17
1.666666667,148.17
1.7,148.17
1.733333333,149.16
1.766666667,148.17
1.8,148.17
1.833333333,148.12
1.866666667,148.12
1.9,148.12
1.933333333,148.17
1.966666667,148.17
2,148.17
2.033333333,148.17
2.066666667,149.08
2.166666667,147.17
2.2,149.27
2.266666667,150.05
2.3,149
2.333333333,149
2.366666667,148
2.4,148
2.433333333,149.01
2.466666667,151
2.5,155
2.533333333,159.08
2.566666667,159.08
2.6,161.15
2.633333333,161.2
2.666666667,163.2
2.7,162.31
2.733333333,160.25
2.766666667,162.6
2.8,163.78
2.833333333,161.79
2.866666667,164.1
2.966666667,161.79
3.033333333,160.12
3.066666667,160.29
3.1,161.62
3.133333333,161.45
3.466666667,156
3.5,154.73
3.533333333,156.22
3.566666667,153.84
3.6,153.44
3.633333333,151.17
3.666666667,151.53
3.7,150.96
3.766666667,153.16
4.5,160.13
4.533333333,157.15
4.566666667,156.04
4.6,153.94
4.633333333,151.65
4.666666667,151.56
4.7,152.64
4.733333333,147.34
4.766666667,143.06
4.8,143.17
5.066666667,158.05
5.1,154.03
5.133333333,152.08
5.166666667,152.12
5.2,152.12
5.233333333,153.16
5.266666667,154.16
5.3,154.08
5.5,147
5.533333333,148
5.566666667,148.03
5.8,162.43
5.833333333,158.27
5.866666667,155.33
5.9,155.13
5.933333333,152.19
5.966666667,155.16
6.1,157.89
6.133333333,156.22
6.166666667,154.64
6.2,154.69
6.533333333,155.98
6.566666667,154.78
6.6,154.56
6.633333333,156.52
6.666666667,156.95
6.833333333,163.6
6.866666667,157.26
6.9,157.11
6.933333333,158.05
6.966666667,155
7,155.08
7.033333333,156.39
7.166666667,150.21
7.2,147.49
7.233333333,145.58
7.633333333,139.09
7.7,138.36
7.733333333,138.23
7.766666667,139.36
7.8,138.71
7.833333333,142.39
8.166666667,156.05
8.233333333,151.27
8.266666667,150.33
8.3,147.34
8.333333333,145.34
8.366666667,144.28
8.4,145.22
8.433333333,144.22
8.466666667,145.17
8.5,146.09
8.533333333,146.03
8.566666667,148
8.6,147.57
8.733333333,167.19
8.766666667,168.08
8.8,165.1
8.833333333,160.13
8.866666667,158.15
8.9,161.01
8.933333333,160.8
8.966666667,160.38
9,160.25
9.033333333,161.31
9.066666667,162.52
9.1,159.62
9.133333333,158.62
9.166666667,159.71
9.2,157.71
9.233333333,160.7
9.266666667,159.45
9.3,160
9.333333333,168.36
9.5,161.08
9.533333333,159.11
9.566666667,155.21
9.6,152.27
9.633333333,148.17
9.666666667,148
9.7,149.08
9.733333333,144.39
9.933333333,156.32
9.966666667,152.03
10,152
10.1,148.03
10.2,147.01
10.23333333,149
10.26666667,154.16
10.3,157.46
10.33333333,159.91
10.56666667,154.05
10.6,151.05
10.63333333,151.16
10.9,136.18
10.93333333,135.37
11.23333333,139.36
11.53333333,153.01
11.56666667,149.03
11.6,150.12
11.63333333,156.16
11.66666667,160.15
11.7,160
11.73333333,162.11
11.76666667,166.43
11.8,158.4
11.83333333,159.81
11.86666667,161.64
11.9,162.36
11.93333333,160.25
12.03333333,152.64
12.36666667,156.63
12.5,162
12.53333333,160.8
12.56666667,163.23
12.6,161.01
12.63333333,161.9
12.66666667,160.61
12.7,154
12.73333333,147.49
12.76666667,145.99
12.8,145.72
12.83333333,147.71
12.86666667,150.22
13,155.03
13.03333333,154.03
13.06666667,151.08
13.1,151.12
13.13333333,149.21
13.16666667,149.05
13.2,149.01
13.23333333,149
13.26666667,150.01
13.3,151
13.33333333,151.05
13.36666667,152.01
13.4,152.21
13.43333333,153.64
13.63333333,159.08
13.66666667,159.11
13.7,160.15
13.73333333,160.08
13.76666667,162.03
13.83333333,162.01
13.86666667,163.05
13.9,162.31
13.93333333,162.44
13.96666667,164.3
14,163.37
14.03333333,163.37
14.06666667,162.37
14.1,163.2
14.13333333,163.15
14.2,163.08
14.23333333,163.05
14.26666667,162.08
14.33333333,162.05
14.36666667,162.11
14.4,162.08
14.43333333,162.11
14.46666667,162.01
14.53333333,162
14.76666667,154.21
14.8,152
14.83333333,151
14.86666667,148
14.9,145.01
14.93333333,142.28
15,132
15.23333333,151.05
15.26666667,153.16
15.3,153.08
15.33333333,150.01
15.36666667,151
15.4,152
15.43333333,153.01
15.46666667,155.03
15.5,154.08
15.53333333,155.03
15.56666667,154
15.83333333,156.39
15.86666667,156.32
15.9,158.11
15.93333333,161.15
15.96666667,160.03
16,160
16.03333333,161.01
16.06666667,160.01
16.1,160.05
16.13333333,159.03
16.16666667,160.01
16.2,159.01
16.23333333,160
16.26666667,159
16.3,157
16.33333333,158
16.36666667,157
16.4,155.01
16.43333333,155.03
16.5,158.03
16.53333333,158.38
16.56666667,157.81
16.6,156.39
16.63333333,155.12
16.66666667,153.03
16.7,152.16
16.73333333,155.32
16.9,164.56
16.93333333,160.85
16.96666667,160.85
17,162.09
17.03333333,162.64
17.06666667,162.93
17.1,164.77
17.13333333,163.82
17.16666667,164.12
17.2,164.76
17.23333333,164.14
17.26666667,166.43
17.3,166.78
17.33333333,164.92
17.36666667,166.01
17.4,164.16
17.43333333,165.71
17.7,152.61
17.73333333,152.83
17.76666667,149.16
17.8,146.32
17.83333333,144.93
17.86666667,146.01
17.9,145.15
18.13333333,147.87
18.2,144.54
18.23333333,147.87
18.26666667,148.07
18.53333333,157.71
18.56666667,160.25
18.6,159.39
18.63333333,159.67
18.66666667,159.52
18.7,161.37
18.73333333,160.25
18.76666667,160.02
18.8,159.02
19.03333333,145.15
19.06666667,144.31
19.1,144.07
19.13333333,143.84
19.16666667,141.89
19.2,139.46
19.23333333,136.31
19.26666667,134.63
19.3,135.16
19.33333333,133.24
19.36666667,135.44
19.4,135.44
19.43333333,134.48
19.46666667,133.24
19.5,133.52
19.53333333,132.56
19.56666667,132.85
19.6,131.61
20.26666667,144.1
20.36666667,133.66
20.4,129.07
20.43333333,123.97
20.46666667,123.63
20.53333333,123.79
20.56666667,122.18
20.6,123.36
20.63333333,123.97
20.66666667,124.95
20.7,125.13
20.73333333,127.1
20.76666667,131.69
20.8,132.67
20.83333333,134.16
20.86666667,134.16
20.9,133.36
20.93333333,132.77
20.96666667,133.2
21,133.42
21.03333333,134.12
21.06666667,136.56
21.1,138.05
21.13333333,140.13
21.16666667,141.99
21.2,144.84
21.23333333,146.11
21.26666667,148.63
21.3,149.26
21.33333333,148.31
21.36666667,148.96
21.4,148.37
21.43333333,148.66
21.46666667,150
21.5,148.43
21.53333333,150.23
21.56666667,149.63
21.76666667,146.7
22.43333333,145.88
22.66666667,159.8
22.7,157.81
22.73333333,156.92
22.76666667,155.72
22.8,154.73
22.83333333,154.73
22.86666667,153.55
22.9,153.55
22.93333333,153.55
22.96666667,152.47
23,152.47
23.03333333,153.55
23.06666667,153.47
23.1,153.55
23.13333333,153.64
23.16666667,152.84
23.2,152.95
23.23333333,154.06
23.26666667,153.94
23.3,155.71
23.33333333,157.84
23.36666667,158.82
23.4,158.53
23.43333333,158.27
23.46666667,156.04
23.5,156.55
23.53333333,160.46
23.7,167.71
23.76666667,162.39
23.8,160.85
23.83333333,159.13
23.86666667,157.29
23.9,154.72
23.93333333,156.08
24.1,159.59
24.13333333,157.89
24.16666667,158.66
24.2,158.4
24.23333333,159.83
24.26666667,160.1
24.3,158.9
24.53333333,156.68
24.56666667,157.41
24.6,156.68
24.63333333,157.65
24.66666667,158.62
24.73333333,161.62
24.83333333,158.81
24.9,155.46
24.93333333,153.12
24.96666667,152
25,152.16
25.03333333,154.64
25.06666667,156.28
25.1,162.12
25.13333333,161.45
25.16666667,158.15
25.2,156.05
25.23333333,153.03
25.26666667,153.01
25.4,143
26.2,127.14
26.23333333,127.19
26.26666667,127.25
26.3,127.25
26.33333333,124.68
26.53333333,165.98
26.56666667,163
26.6,165.1
26.63333333,160.9
26.66666667,159.02
26.7,160.02
26.73333333,160.38
26.76666667,160.51
26.8,160.38
26.83333333,161.37
26.86666667,161.37
26.9,161.12
26.93333333,157.62
26.96666667,164.01
27.16666667,156.39
27.2,151.21
27.23333333,148.08
27.26666667,145
27.33333333,140.03
27.36666667,135.24
27.4,131.97
27.43333333,130.73
27.6,158.68
27.63333333,156.32
27.66666667,151.05
27.7,152
27.73333333,153
27.76666667,152.01
27.8,154
27.83333333,153
27.86666667,151.05
27.9,151.01
27.93333333,151
27.96666667,152.01
28.33333333,133.14
28.36666667,132.1
29.3,141.23
29.33333333,144.12
29.36666667,151.05
29.4,156.01
29.43333333,162.05
29.46666667,164.25
29.5,163.78
29.53333333,161.37
29.56666667,161.64
29.6,158.53
29.63333333,160.65
29.66666667,155.17
29.73333333,151.27
29.76666667,151.27
29.8,151.16
29.83333333,151.16
29.86666667,152.05
29.9,154
29.93333333,153.01
29.96666667,156.12
30,156.46
30.03333333,156.54
30.16666667,160.31
30.2,160.53
30.3,161.31
30.33333333,157
30.4,151.75
30.43333333,156.68
30.6,150.08
30.63333333,148.01
30.66666667,150.12
30.7,149.27
30.73333333,150.21
30.76666667,150.01
30.8,151
30.83333333,153.01
30.86666667,154.05
30.9,154.08
30.93333333,154.12
30.96666667,157.2
31,158.62
31.03333333,157.92
31.06666667,160.9
31.1,162.89
31.13333333,163.44
31.16666667,162.52
31.23333333,158.15
31.3,155.82
31.46666667,149.21
31.5,148.05
31.53333333,150
31.76666667,142.58
31.8,138.85
31.83333333,139.06
32.33333333,164.05
32.36666667,163.15
32.4,163.37
32.43333333,162.44
32.46666667,158.2
32.53333333,155.05
32.56666667,155.01
32.86666667,144.81
32.9,152.03
32.93333333,150.08
32.96666667,147.09
33,148.12
33.03333333,151.08
33.43333333,139.7
33.46666667,142.23
33.5,147.34
33.53333333,151.74
33.56666667,156.42
33.6,161.12
33.63333333,159.8
33.66666667,153.94
33.7,151.85
33.73333333,152.95
33.76666667,151.95
33.8,152.84
33.83333333,152.84
33.86666667,151.74
33.9,152.74
33.93333333,150.48
33.96666667,150.56
34,150.33
34.03333333,150.12
34.06666667,148.01
34.1,160.61
34.26666667,172.49
34.3,166.68
34.33333333,163.52
34.36666667,161.38
34.4,156.16
34.43333333,149.03
34.46666667,144.06
34.5,142.13
34.53333333,139.7
34.56666667,137.87
34.8,147.09
34.83333333,150.34
34.86666667,152.74
34.9,154.43
34.93333333,154.94
34.96666667,156.92
35.16666667,161.12
35.2,156.63
35.23333333,156.32
35.3,152.21
35.33333333,151.16
35.36666667,149.41
35.4,147.49
35.66666667,149.03
35.83333333,148.49
36,143.38
36.03333333,140.43
36.06666667,139.17
36.1,139.44
36.13333333,138.6
36.16666667,137.77
36.2,137.12
36.23333333,136.31
36.26666667,136.31
36.3,135.71
36.33333333,135.15
36.36666667,134.39
36.4,134.62
36.43333333,134.37
36.46666667,134.12
36.5,137.09
36.53333333,141.38
36.73333333,147.22
36.8,147.34
36.83333333,146.58
36.86666667,147.49
36.9,145.34
36.93333333,145.22
36.96666667,144.12
37,143.06
37.03333333,141
37.06666667,139.18
37.1,141.8
37.13333333,146.81
38.5,134.73
38.53333333,135.96
38.56666667,135.94
38.6,134.63
38.63333333,130.55
38.66666667,127.39
38.7,124.4
38.73333333,124.49
38.76666667,122.59
38.8,123.91
38.83333333,122.98
38.86666667,120.54
38.9,122.93
38.93333333,123.31
38.96666667,121.04
39.2,148
39.26666667,150.05
39.3,149.08
39.33333333,150.05
39.36666667,150.03
39.4,150.05
39.43333333,150.03
39.46666667,150.03
39.5,149.03
39.53333333,149.08
39.56666667,148.03
39.6,146.09
39.63333333,145.06
39.73333333,143.42
39.76666667,143.78
40.16666667,143.06
40.2,143
40.23333333,141.06
40.26666667,140.03
40.3,141.29
40.33333333,140.36
40.36666667,140.36
40.4,139.29
40.43333333,137.3
40.46666667,137.09
40.5,135
40.53333333,128.56
40.56666667,130.7
40.6,134.63
40.63333333,139.52
40.7,154.16
40.73333333,155.6
40.76666667,156.2
40.8,153.88
40.83333333,152.47
40.86666667,150.27
40.9,147.28
40.93333333,144.22
40.96666667,142.06
41,143.06
41.03333333,142.09
41.06666667,143.13
41.1,146.09
41.13333333,147.09
41.16666667,149.03
41.2,152
41.23333333,152.05
41.26666667,152.47
41.43333333,159.8
41.46666667,160.38
41.5,157.84
41.53333333,156.7
41.56666667,155.82
41.6,159.38
41.73333333,159.71
41.76666667,158.81
41.8,158.15
42.23333333,164.45
42.26666667,157.29
42.3,159.3
42.33333333,164.6
42.5,158.08
42.53333333,158.03
42.63333333,158
42.66666667,159.01
42.9,171.05
42.96666667,163.44
43,159.67
43.03333333,162.61
43.23333333,157.46
43.26666667,158.38
43.3,162.37
43.33333333,163.37
43.36666667,161.25
43.4,160.25
43.43333333,157.05
43.46666667,157
43.73333333,152.74
43.93333333,152.32
43.96666667,148.76
44,146.41
44.2,158.03
44.26666667,160.25
44.3,158.81
44.33333333,157.71
44.36666667,156.92
44.4,157.32
44.43333333,155.32
44.46666667,153.26
44.5,154.21
44.53333333,154.26
44.56666667,155.46
44.6,155.46
44.63333333,153.33
44.66666667,153.64
44.7,153.31
44.73333333,152.74
44.8,141.42
44.83333333,141.69
44.86666667,141.01
45.13333333,147
45.16666667,144.81
45.2,142.41
45.23333333,142.21
45.26666667,141.06
45.3,139.09
45.33333333,136.31
45.36666667,134.83
45.4,135.53
45.76666667,147.36
45.96666667,161.25
46,157.81
46.03333333,157.32
46.06666667,162.15
46.2,159.02
46.23333333,156.39
46.26666667,156.26
46.3,156.26
46.33333333,156.26
46.36666667,156.16
46.4,155.39
46.43333333,156.82
46.63333333,153.31
46.9,154.55
46.93333333,152.55
46.96666667,151.48
47.06666667,153.21
47.1,154.21
47.13333333,155.05
47.16666667,153
47.2,155.03
47.23333333,154.21
47.26666667,156.82
47.36666667,164.88
47.4,164.98
47.43333333,158.46
47.46666667,155.72
47.5,156.26
47.63333333,161.11
47.66666667,158.08
47.7,158.08
47.73333333,157.32
48.16666667,158.68
48.2,150.21
48.23333333,154.73
48.26666667,155.01
48.43333333,152.21
48.46666667,151.27
48.5,151.27
48.53333333,149.34
48.76666667,157.99
48.8,160.43
48.83333333,162.61
48.86666667,167.32
48.9,170.19
48.93333333,161.38
48.96666667,154.43
49,151.43
49.2,158.03
49.23333333,157.81
49.26666667,155.46
49.3,153.26
49.33333333,155.39
49.36666667,156.39
49.4,154.39
49.43333333,154.39
49.46666667,154.12
49.5,155.05
49.7,149.58
49.73333333,151.16
49.93333333,173.1
50,154.03
50.03333333,153.01
50.06666667,156.03
50.1,160.05
50.13333333,161.05
50.16666667,163.01
50.2,162
50.23333333,163
50.26666667,161.01
50.3,161
50.33333333,161.01
50.36666667,161
50.4,163.01
50.43333333,161.03
50.46666667,162.05
50.5,161.03
50.53333333,161.03
50.56666667,161.03
50.6,161.01
50.63333333,160.01
50.66666667,160.01
50.7,159.01
50.73333333,160.01
50.76666667,159.01
50.8,159.01
50.83333333,158.03
50.86666667,159.05
50.9,157.05
50.93333333,160.31
51.2,153.03
51.23333333,152.05
51.26666667,153.39
51.3,151.33
51.33333333,153.26
51.36666667,152.33
51.4,151.21
51.43333333,153.03
51.83333333,156.39
51.86666667,157.26
51.9,158.15
51.93333333,156.16
51.96666667,154.16
52,153.26
52.03333333,152.47
52.2,156.7
52.23333333,153.57
52.26666667,149.21
52.3,148.22
52.33333333,148.49
52.36666667,153.57
52.5,147.01
52.53333333,145.06
52.56666667,145.17
52.86666667,149.97
53,146.76
53.06666667,152.74
53.2,155
53.23333333,148
53.26666667,145.01
53.3,142
53.46666667,146.01
53.5,148.12
53.66666667,157.62
53.7,156.82
53.73333333,151.6
53.76666667,154.72
53.8,160.51
53.93333333,161.51
53.96666667,156.04
54.06666667,156.55
54.43333333,157.51
54.46666667,158.82
54.7,156.39
54.73333333,155.39
54.76666667,156.28
54.86666667,156.82
54.9,157.04
54.93333333,157.84
54.96666667,158.49
55.46666667,156.46
55.5,153.26
55.53333333,155.05
55.96666667,155.03
56,157
56.2,154.3
56.23333333,148.35
56.5,153.64
56.53333333,154.55
56.56666667,154.47
56.6,153.55
56.63333333,154.47
56.66666667,153.21
56.73333333,147.34
56.76666667,147.49
56.8,151.65
56.83333333,153.39
56.86666667,156.26
56.9,158.26
56.93333333,155.32
56.96666667,152.27
57,151.33
57.03333333,151.27
57.4,145.88
57.43333333,142.62
57.46666667,138
57.5,139.01
57.53333333,140.41
57.8,148.3
57.86666667,149.78
57.9,150.62
57.96666667,152.41
58,152.19
58.03333333,154.35
58.06666667,158.27
58.1,159.84
58.13333333,163.77
58.2,159.66
58.23333333,158.67
58.3,164.44
58.43333333,158.11
58.56666667,158
58.6,159
58.63333333,159
58.66666667,159.01
58.7,158.11
58.73333333,158.91
58.76666667,160.53
58.83333333,165
58.86666667,164.3
58.9,159.14
58.93333333,156.35
58.96666667,153.57
59.16666667,153.58
59.2,147.8
59.63333333,157.2
59.66666667,153.26
59.7,152.55
59.73333333,156.32
59.9,155.46
59.93333333,154.39
60.06666667,156.46
60.43333333,153.55
60.5,158.01
60.7,156.82
60.73333333,154.73
60.76666667,153.64
60.8,150.48
60.83333333,149.41
60.86666667,147.49
60.9,146.34
60.93333333,145.28
61,153.83
61.16666667,161.9
61.2,153.58
61.23333333,155.36
61.4,159.31
61.43333333,153.26
61.46666667,149.27
61.5,150.16
61.53333333,153.12
61.56666667,157.05
61.6,161.25
61.63333333,160.25
61.66666667,161.11
61.7,158.11
61.73333333,157.03
61.93333333,163.92
61.96666667,157.28
62,157.92
62.26666667,161
62.3,159.03
62.33333333,161.05
62.36666667,161.05
62.4,160.08
62.43333333,159.08
62.46666667,160.05
62.5,158.08
62.53333333,159.03
62.56666667,158.05
62.6,158.05
62.63333333,156.12
62.7,155.16
62.73333333,155.12
62.76666667,157.08
62.83333333,157.11
62.86666667,154.21
62.9,154.16
62.93333333,154.12
62.96666667,155.12
63,155.08
63.03333333,153.12
63.06666667,156.08
63.1,153.12
63.13333333,153.08
63.16666667,155.05
63.2,157
63.23333333,163.31
63.5,150.08
63.53333333,149.41
63.56666667,150.56
63.6,150.65
63.63333333,148.66
63.66666667,150.65
63.7,150.65
63.73333333,150.27
63.76666667,150
64.03333333,158.4
64.06666667,157.92
64.1,157.81
64.13333333,156.72
64.16666667,156.63
64.2,157.46
64.23333333,158.32
64.26666667,158.15
64.63333333,160.02
64.66666667,158.71
64.7,158.46
64.73333333,157.46
64.76666667,155.46
64.8,156.26
64.83333333,154.21
64.86666667,155.12
64.9,153.16
64.93333333,153.16
64.96666667,151.27
65,150.75
65.03333333,150.65
65.06666667,149.75
65.1,150.08
65.13333333,150.21
65.16666667,151.75
65.2,152.59
65.43333333,152.4
65.46666667,152.55
65.53333333,151.74
65.56666667,153.73
65.6,155.43
65.86666667,152.05
65.9,142.09
65.93333333,138.09
65.96666667,139.29
66,137.19
66.36666667,162.08
66.4,160.25
66.43333333,157.54
66.46666667,158.03
66.5,158.15
66.53333333,155.17
66.56666667,154.57
66.6,154.57
66.63333333,153.44
66.66666667,153.73
66.7,154.87
66.73333333,155.03
66.76666667,156.52
66.8,156.18
66.83333333,156.52
66.86666667,159.25
66.9,157.5
66.93333333,155.76
66.96666667,157.41
67,159.11
67.03333333,158.4
67.06666667,157
67.1,156.73
67.13333333,152.32
67.56666667,154.04
67.63333333,152.12
67.66666667,153.69
67.7,153.69
67.73333333,153.38
67.76666667,150.87
67.8,151.82
67.93333333,151.82
67.96666667,153.16
68,153.44
68.13333333,153.53
68.16666667,154.99
68.23333333,154.99
68.26666667,155.96
68.3,156.92
68.33333333,157.18
68.36666667,156.21
68.4,154.99
68.43333333,155.24
68.46666667,156.47
68.5,156.92
68.73333333,155.76
68.76666667,155.47
68.8,154.26
68.83333333,154.03
68.86666667,154.56
68.9,153.17
68.93333333,151.21
68.96666667,151.63
69,151.86
69.03333333,152.08
69.06666667,152.32
69.1,150.66
69.13333333,149.68
69.3,145.56
69.33333333,146.54
69.7,154.74
69.76666667,155.36
69.8,153.39
69.83333333,153.57
69.86666667,153.39
69.9,154.74
69.93333333,153.39
70.4,155.91
70.6,161.07
70.63333333,158.62
70.66666667,159.11
70.7,158.14
70.73333333,156.95
70.76666667,156.18
70.8,159.53
71.03333333,148.96
71.06666667,148.96
71.1,149.91
71.13333333,147.71
71.16666667,147.41
71.2,148.66
71.23333333,147.8
71.26666667,149.72
71.3,146.45
71.33333333,145.8
71.36666667,143.29
71.4,142.05
71.43333333,142.05
71.46666667,140.43
71.5,140.43
71.53333333,141.38
71.56666667,141.38
71.6,142.34
71.63333333,142.05
71.66666667,142.64
71.7,143.29
71.73333333,142.05
71.76666667,143.29
71.8,143.29
71.83333333,143.29
71.86666667,143.68
71.9,143.68
71.93333333,142.72
71.96666667,144.37
72,144.1
72.03333333,143.84
72.06666667,144.1
72.1,143.84
72.33333333,141.89
72.36666667,142.86
72.4,142.86
72.43333333,141.22
72.46666667,142.41
72.5,142.2
72.53333333,142.41
72.56666667,144.16
72.6,144.37
72.63333333,143.61
72.66666667,143.84
72.7,143.61
72.73333333,144.59
72.76666667,144.59
72.8,145.78
72.83333333,145.78
72.86666667,144.81
72.9,143.61
72.93333333,144.81
72.96666667,144.37
73,144.59
73.03333333,143.84
73.4,138
73.43333333,139.01
73.46666667,138.01
73.5,139.01
73.53333333,138.01
73.56666667,139.03
73.6,139.03
73.63333333,141.06
73.66666667,140.09
73.7,142.09
73.73333333,143.17
73.76666667,144.12
73.8,144.17
73.83333333,145.17
73.86666667,145.09
73.9,145.12
73.93333333,145.09
73.96666667,146.09
74,147.09
74.03333333,147.09
74.06666667,148.05
74.1,147.09
74.13333333,147.09
74.16666667,146.09
74.2,146.05
74.23333333,146.05
74.26666667,147.03
74.3,146.09
74.33333333,146.05
74.36666667,146.09
74.4,147.05
74.43333333,146.05
74.46666667,144.09
74.5,144.06
74.6,148.01
74.63333333,148
74.66666667,148.03
74.7,151.05
74.73333333,151.12
74.76666667,150.03
74.8,150.03
74.83333333,150.03
74.86666667,149.05
74.9,148.03
74.93333333,152.08
74.96666667,156.16
75,153.26
75.03333333,153.33
75.06666667,155.26
75.1,154.32
75.13333333,154.26
75.16666667,154.16
75.2,154.12
75.23333333,156.12
75.26666667,155.12
75.3,155.21
75.33333333,155.16
75.36666667,155.26
75.4,157.32
75.43333333,157.32
75.46666667,155.82
75.5,154.57
75.53333333,153.06
75.56666667,147.8
75.7,128.89
75.73333333,127.1
75.76666667,126.59
75.8,126.44
75.83333333,124.31
75.86666667,125.3
75.9,127.28
75.93333333,126.89
75.96666667,129.56
76,134.45
76.03333333,136.62
76.06666667,137.62
76.1,138.81
76.13333333,138.44
76.16666667,137.3
76.2,137.3
76.23333333,136.3
76.26666667,135.3
76.3,134.24
76.33333333,134.24
76.36666667,132.24
76.4,131.38
76.43333333,132.38
76.46666667,132.38
76.5,130.46
76.53333333,130.55
76.56666667,130.55
76.6,130.65
76.63333333,131.75
76.66666667,133.73
76.7,131.97
76.73333333,134.84
76.76666667,135.07
76.8,135.83
76.83333333,137.71
76.86666667,136.44
76.9,137.52
76.93333333,136.62
76.96666667,135.53
77,136.44
77.03333333,135.53
77.06666667,133.45
77.1,135.45
77.13333333,135.37
77.16666667,135.3
77.2,134.45
77.23333333,133.63
77.26666667,134.45
77.3,133.63
77.33333333,132.54
77.36666667,132.64
77.4,134.45
77.43333333,135.83
77.46666667,136.53
77.5,138.36
77.53333333,141.23
77.56666667,142.23
77.6,143.28
77.63333333,142.23
78,160.64
78.03333333,157.09
78.06666667,155.91
78.1,155.72
78.13333333,151.33
78.16666667,149.48
78.26666667,149.03
79.56666667,154.21
79.6,154.56
79.63333333,154.38
79.66666667,152.9
79.7,152.74
79.73333333,153.58
79.76666667,153.58
79.83333333,152.45
79.86666667,152.45
79.9,153.31
79.93333333,153.31
79.96666667,154.3
80,155.43
80.03333333,156.7
80.06666667,156.55
80.1,157.54
80.13333333,158.4
80.16666667,159.26
80.2,159.26
80.23333333,159.14
80.26666667,159.14
80.3,160.51
80.33333333,160.51
80.36666667,159.81
80.4,162.1
80.43333333,161.28
80.5,157.04
80.83333333,139.81
80.86666667,141.51
80.9,142.23
80.96666667,143.17
81,145.34
81.03333333,146.22
81.16666667,145.09
81.2,145.09
81.23333333,144.09
81.4,136.72
81.66666667,142.06
81.7,141.09
81.73333333,144
82,156.16
82.03333333,155.17
82.06666667,154.18
82.1,155.05
82.13333333,154.06
82.16666667,154.18
82.2,155.05
82.23333333,152.74
82.36666667,155.63
82.4,151.74
82.43333333,151.95
82.46666667,158.4
82.63333333,158.03
82.66666667,154.12
82.7,152.27
82.73333333,149.12
82.76666667,148.03
82.8,148.03
82.83333333,145.58
82.86666667,148.1
82.9,148.49
83,141.06
83.03333333,139.03
83.1,139.06
83.13333333,140.03
83.26666667,163.03
83.4,160.15
83.43333333,161.08
83.46666667,160.03
83.5,158.03
83.53333333,160
83.56666667,159
83.6,157.05
83.63333333,156.05
83.66666667,158.01
83.7,157.03
83.73333333,160
83.76666667,158.03
83.8,162.11
83.86666667,167.24
83.9,166.03
83.93333333,164.03
83.96666667,162.08
84,162.11
84.03333333,159.01
84.06666667,158.01
84.1,160.05
84.13333333,162.44
84.26666667,166.24
84.33333333,162.01
84.36666667,163.03
84.4,163.01
84.43333333,163.08
84.46666667,165.03
84.5,164
84.53333333,163.03
84.56666667,164.05
84.6,165.03
84.63333333,167.05
84.66666667,167.07
84.7,163.05
84.73333333,163.03
84.76666667,163.01
84.8,163.01
84.83333333,162
85,159.53
85.06666667,155.03
85.13333333,155.21
85.16666667,157.81
85.66666667,149.75
85.86666667,148.22
86,162.08
86.03333333,160
86.06666667,159.08
86.1,157.11
86.13333333,158.05
86.16666667,157
86.2,157
86.23333333,156.01
86.26666667,154.21
86.3,154.73
86.33333333,154.57
86.63333333,141.57
86.7,142.71
86.9,140.58
86.93333333,139.59
86.96666667,138.31
87,139.3
87.1,138.45
87.13333333,138.76
87.16666667,138.76
87.2,138.92
87.23333333,139.09
87.6,157.01
87.66666667,158.38
87.7,157.54
87.73333333,158.71
87.76666667,157.81
87.8,158.62
87.83333333,156.54
87.86666667,156.39
87.9,155.32
87.93333333,156.39
87.96666667,154.26
88,154.16
88.03333333,151.05
88.06666667,150
88.1,146.22
88.13333333,142.86
88.16666667,142.17
88.2,139.09
88.46666667,150.33
88.5,151.21
88.53333333,153.21
88.56666667,154.26
88.6,156.2
88.63333333,156.12
88.66666667,156.08
88.73333333,156.01
88.76666667,156.05
88.83333333,157.05
89.1,156.08
89.13333333,151.21
89.16666667,150.56
89.2,152.64
89.23333333,150.08
89.26666667,150.27
89.3,153.83
89.46666667,152.61
89.5,152.35
89.53333333,152.35
89.56666667,152.61
89.6,152.61
89.76666667,147.73
89.8,146.33
89.83333333,146.24
89.86666667,149.09
89.93333333,152.4
90.1,149.57
90.13333333,148.57
90.16666667,148.76
90.2,147.87
90.23333333,146.24
90.26666667,148.64
90.6,167.05
90.63333333,165.11
90.66666667,161.15
90.7,161.25
90.73333333,161.31
90.76666667,161.31
90.8,160.25
90.83333333,159.25
90.86666667,159.2
90.9,158.11
90.93333333,158.08
90.96666667,157.05
91,158.03
91.03333333,157.03
91.06666667,155.21
91.5,158.15
91.53333333,158.81
91.56666667,161.68
91.6,160.06
91.63333333,158.24
91.66666667,158.93
91.7,159.36
91.73333333,156.68
91.76666667,156.95
91.8,156.52
91.83333333,154.56
91.86666667,153.81
92.03333333,153.59
92.06666667,151.86
92.1,154.99
92.13333333,155.08
92.26666667,165.06
92.3,162.93
92.33333333,161.11
92.36666667,159.48
92.4,158.15
92.43333333,157.99
92.46666667,158.4
92.5,158.26
92.7,159.11
92.73333333,158.86
92.76666667,159.59
92.8,159.35
92.83333333,160.1
92.86666667,160.1
92.9,157.88
93.2,142.35
93.23333333,143.35
93.26666667,145.5
93.3,145.99
93.33333333,148.12
93.53333333,157.29
93.56666667,157.71
93.6,155.54
93.63333333,156.31
93.66666667,156.89
93.7,160.46
93.73333333,163.25
93.93333333,148.25
94.03333333,147.38
94.2,147.71
94.23333333,148.66
94.26666667,145.8
94.3,145.15
94.33333333,146.41
94.36666667,145.15
94.4,143.41
94.43333333,144.37
95.13333333,144.06
95.16666667,146
95.2,146
95.23333333,147
95.26666667,146
95.3,148
95.33333333,146
95.36666667,146
95.4,146.01
95.43333333,147.03
95.46666667,147.03
95.5,146.03
95.53333333,146.03
95.56666667,146.03
95.6,146.03
95.63333333,147.01
95.66666667,148.03
95.7,149.03
95.73333333,151.05
95.76666667,151.05
95.8,153.05
95.83333333,153.01
95.86666667,152
95.9,154.03
95.93333333,153.03
95.96666667,154.01
96,155.05
96.03333333,156.03
96.06666667,157.05
96.1,154.21
96.13333333,152.08
96.2,152.16
96.23333333,155.16
96.26666667,154.16
96.3,153.05
96.33333333,154.01
96.36666667,153.01
96.53333333,127.76
96.56666667,126.18
96.6,123.65
96.63333333,123.37
96.66666667,123.37
96.7,125
96.73333333,124.62
96.76666667,124.33
96.8,125
96.83333333,125
96.86666667,125.69
96.9,128.32
96.93333333,129.29
96.96666667,133.18
97,137.93
97.03333333,139.74
97.06666667,140.43
97.1,143.4
97.13333333,144.39
97.16666667,144.26
97.2,144.26
97.23333333,143.14
97.26666667,141.28
97.3,141.88
97.33333333,143.03
97.36666667,146.7
97.4,922.64
97.46666667,160.25
97.53333333,159
97.56666667,159.01
97.6,157.05
97.63333333,156.08
97.66666667,154.05
97.7,153.08
97.73333333,150.03
97.76666667,151
97.8,150.08
97.83333333,153.21
98.06666667,129.26
98.1,127.88
98.76666667,143.78
98.8,144.89
98.83333333,143.27
98.86666667,143.27
100.0666667,159.83
100.1333333,158.15
100.1666667,159.59
100.2,157.89
100.2333333,157.41
100.2666667,157.41
100.3,157.18
100.3333333,155.98
100.3666667,156.73
100.4,155.76
100.4333333,154.78
100.4666667,154.35
100.5,155.54
100.5333333,155.33
100.5666667,154.15
100.6,155.13
100.6333333,156.11
100.6666667,154.93
100.7,153.95
100.7333333,155.54
100.7666667,155.91
100.8,157.09
100.8333333,155.72
100.8666667,155.91
100.9,156.31
100.9333333,156.11
100.9666667,155.91
101,156.71
101.0333333,156.11
101.0666667,155.33
101.1,155.54
101.6666667,136.07
101.7,139.04
101.7333333,138.71
101.7666667,139.04
101.8,137.82
101.8333333,139.81
101.8666667,138.71
102.3333333,152.03
102.6666667,153.44
102.7666667,153.18
102.8,155.29
102.8333333,153.18
102.8666667,152.32
102.9,153.31
102.9333333,155.17
102.9666667,155.05
103,154.94
103.0333333,153.83
103.0666667,154.06
103.1333333,152.59
103.2333333,155.36
103.3333333,161.9
103.3666667,158.53
103.4,158.27
103.4333333,154.83
103.4666667,151.74
103.5,150.33
103.5333333,149.12
103.5666667,148.03
103.6,151.12
103.7333333,145.34
103.7666667,144.35
103.8,146.49
103.8333333,145.28
103.8666667,147.05
103.9,150
103.9333333,156.05
103.9666667,161.08
104,165.11
104.0333333,163.2
104.0666667,164.2
104.1,161.31
104.1333333,163.2
104.1666667,163.11
104.2,165.05
104.2333333,163.05
104.2666667,162.05
104.3,162.05
104.3333333,162.05
104.3666667,159.05
104.4,162.05
104.4333333,159
104.4666667,161.01
104.6333333,155.16
104.6666667,155.05
104.7,151.12
104.7333333,153.12
104.7666667,154.47
104.8,156.04
105.0333333,150.44
105.0666667,150.44
105.2333333,148.01
105.2666667,146.01
105.3,144.06
105.3333333,142
105.3666667,141
105.4,141
105.4333333,143.03
105.4666667,145.06
105.5,148.05
105.7,151.2
105.7333333,153.55
105.7666667,154.16
105.8666667,154.01
106.1666667,150.96
106.2,150.21
106.2333333,150.34
106.2666667,151.2
106.3,153.31
106.3333333,154.18
106.3666667,151.85
106.4,151.95
106.4333333,151.85
106.4666667,151.74
106.5,152.4
106.8333333,155.54
107.2,145.77
107.2333333,145.07
107.3333333,146.29
107.3666667,146.29
107.4333333,148.08
108.3666667,152.2
108.4,153.47
108.4333333,156.59
108.6333333,146.73
108.6666667,142.94
108.7,140.13
108.7333333,138.88
108.7666667,137.36
111.2,131.19
111.2333333,132.09
111.2666667,133
111.3,134
111.3333333,133.02
111.3666667,134.03
111.4,131
111.4333333,131
111.4666667,130
111.5,130.1
111.5333333,128.32
111.5666667,127.48
111.6,124.58
111.6333333,122.69
111.6666667,120.7
111.7,119.94
111.7333333,117.61
111.7666667,120.81
111.8,121.33
111.8333333,124
112.1,150.33
112.1333333,145.22
112.1666667,142.13
112.2,140.01
112.2333333,137.01
112.2666667,135
112.3,135
112.3333333,138
112.3666667,140.01
112.4,143.06
112.4333333,143.03
112.4666667,144.17
112.5,146.17
112.5333333,145.58
112.5666667,143.4
112.6333333,148.07
112.6666667,155.76
112.7,160.03
112.7333333,162.61
112.7666667,158.49
112.8,158.86
112.8333333,158.98
113,157.71
113.0333333,155.63
113.0666667,156.63
113.1333333,155.82
113.6,156.04
113.7666667,155.63
113.8,156.46
113.8333333,153.16
113.9,153.08
113.9666667,152.08
114,151.16
114.1,160.25
114.1333333,165.06
114.2,175.14
114.3,157.28
114.3333333,151.2
114.3666667,157
114.6,152.64
114.6333333,153.73
114.7333333,156.92
114.8,155.39
115.0666667,157.71
115.1,161.64
115.3,154.08
115.3333333,153.16
115.3666667,153.39
115.5333333,168.19
115.5666667,165.03
115.6,163.03
115.6333333,163.08
115.7,164.15
115.7333333,163
115.9666667,157.32
116,155.54
116.0333333,154.47
116.0666667,149.21
116.1,148
116.1333333,154.39
116.4,148.96
116.4333333,146.45
116.4666667,149.19
116.5,147.96
116.5333333,142.64
116.5666667,140.8
117.0333333,153.58
117.1,161.94
117.1333333,164.61
117.2,160.95
117.2333333,160.02
117.2666667,159.25
117.4666667,158.08
117.5,159.08
117.5333333,160.03
117.5666667,160.08
117.6,162.15
117.6333333,162.2
117.6666667,160.45
117.7,160.8
117.7333333,162.12
117.8666667,162.1
117.9,153.38
117.9333333,149.4
117.9666667,150
118,148.95
118.1666667,159.84
118.2,154.04
118.2333333,150.92
118.6666667,160.31
118.7,154.73
118.9333333,155.01
118.9666667,156.05
119.4666667,151.01
119.5,157
119.7,151.12
119.9333333,150.08
120.1333333,166.11
120.1666667,156.01
120.2,155.16
120.2333333,155.71
120.4,162
120.4333333,158.15
120.4666667,156.72
120.5,155.39
120.5333333,155.54
120.5666667,158.71
120.6,155.72
120.6333333,159.8
120.6666667,157.38
120.7,156.16
120.9333333,158.86
120.9666667,157.33
121,162.19
121.2333333,154.01
121.2666667,159
121.3,162.01
121.3333333,163.03
121.3666667,161.05
121.4,162.03
121.4333333,164
121.4666667,162
121.5,162.01
121.5333333,162.01
121.5666667,162.03
121.6,162
121.6333333,161
121.6666667,161
121.7,160
121.7333333,160
121.7666667,160
121.8,159
121.8333333,160.01
121.8666667,161.01
121.9,160
121.9333333,160.03
121.9666667,159.03
122,160.01
122.0333333,159.03
122.0666667,159.03
122.1,158.01
122.1333333,158.03
122.4333333,151.05
122.4666667,150.16
122.5,148.76
122.5333333,147.76
122.5666667,144.01
122.6,146.51
122.6333333,148.22
122.6666667,148.86
122.7,148.22
122.7333333,146.22
122.7666667,150.63
122.9666667,153.73
123,153.44
123.0333333,153.31
123.0666667,156.42
123.1,154.94
123.1333333,600.83
123.1666667,157.32
123.2,157.38
123.2333333,156.46
123.2666667,156.72
123.5,162.2
123.5333333,157.46
123.5666667,156.16
123.6,156.16
123.6333333,158.15
123.8,155.72
123.8333333,152.84
123.8666667,151.2
123.9,151.95
123.9333333,153.83
124.1,157.2
124.1333333,156.39
124.1666667,154.39
124.2,154.32
124.2333333,152.47
124.2666667,151.2
124.3,151.42
124.3333333,151.92
124.3666667,156.6
124.4666667,157.03
124.5,154
124.5333333,149.08
124.5666667,149.08
124.6,146.03
124.6333333,150.03
124.6666667,150
124.7,150
124.7333333,152.03
124.7666667,152.16
124.8,152.95
124.9666667,158.86
125,155.91
125.0333333,156.85
125.0666667,163.23
125.7,157.41
125.7666667,158.15
125.9333333,155.93
125.9666667,152.95
126.0333333,151.85
126.1333333,155.05
126.1666667,156.42
126.2,158.27
126.2333333,157.89
126.4333333,158.15
126.4666667,159.15
126.5,163
126.6333333,157.01
126.6666667,155.12
126.7,155.46
126.7333333,156.54
126.7666667,160.61
126.8,163.78
126.8333333,163.6
126.8666667,159.91
126.9,161.28
126.9333333,158.62
127.1333333,154.32
127.1666667,163.05
127.3333333,158.91
127.3666667,155.72
127.4,154.83
127.4333333,154.43
127.6333333,159.11
127.6666667,158.01
127.7,159.01
127.7333333,158.03
127.7666667,159.01
127.8,155.03
127.8333333,153
127.8666667,154
127.9333333,155
127.9666667,153.01
128,152.21
128.0333333,152.55
128.0666667,152.27
128.1,153.08
128.1333333,154.03
128.4333333,145.8
128.4666667,143.41
128.5,139.95
128.5333333,137.28
128.5666667,133.15
128.6,130.61
128.8666667,142.86
128.9,145.67
128.9333333,148.12
128.9666667,151.43
129,155.54
129.0333333,158.07
129.1,161.28
129.1333333,162.39
129.1666667,161.07
129.2,158.47
129.3666667,167.36
129.4,159.26
129.4333333,156.54
129.4666667,157.46
129.5,155.32
129.5333333,156.32
129.5666667,157.26
129.6,158.38
129.6333333,158.46
129.6666667,157.62
129.7,157.04
130.1,154.64
130.1333333,151.27
130.1666667,149.21
130.2,147.28
130.2333333,150.16
130.2666667,149.21
130.3,151.12
130.3333333,153.01
130.4,155.16
130.5666667,160.15
130.6,157.05
130.6333333,158.01
130.6666667,156.26
130.8333333,158.03
130.8666667,157.04
130.9,157.15
131.2666667,161.81
131.3,158.07
131.3333333,158.32
131.3666667,159.45
131.5,158.15
131.5333333,156.39
131.5666667,156.26
131.6,154.08
131.6333333,152.12
131.6666667,152.05
131.9333333,168.07
131.9666667,164.15
132,161.37
132.0333333,164.75
132.0666667,733.61
132.2,162.37
132.2333333,159.45
132.2666667,162.44
132.3,161.38
132.3333333,162.2
132.3666667,163.25
132.4,164.25
132.4333333,161.15
132.4666667,162.15
132.5,159
132.7,164.4
132.7333333,159.97
132.7666667,158.68
133.0333333,160.08
133.0666667,158
133.1,161
133.1333333,162
133.1666667,162.01
133.2,161.01
133.2333333,162
133.2666667,160
133.3,159.01
133.3333333,160
133.3666667,158.01
133.4,159
133.4333333,158.03
133.4666667,158.03
133.5,158.05
133.5333333,157.03
133.5666667,158
133.6,159
133.6333333,159
133.6666667,159
133.7,159
133.7333333,160
133.7666667,159
133.8,158
133.8333333,158.01
133.8666667,156
133.9,157.01
133.9333333,156
133.9666667,155
134,156.16
134.0333333,154.47
134.2666667,153.12
134.3,148.57
134.3333333,149.48
134.3666667,150.92
134.4,151.75
134.4333333,149.21
134.4666667,146.28
134.5,146.05
134.7333333,156.92
134.7666667,157.71
134.8,154.64
134.8333333,153.47
134.8666667,153.39
134.9,153.39
134.9333333,154.39
134.9666667,154.32
135,152.47
135.0333333,152.95
135.0666667,151.08
135.1,151.6
135.1333333,152.19
135.3,158.03
135.3333333,155.05
135.3666667,154.16
135.4,150.12
135.4333333,150.16
135.4666667,151.05
135.5,150.01
135.5333333,150
135.5666667,150.12
135.6,149.27
135.6333333,151.74
135.8333333,153.73
135.8666667,151.91
135.9,150.1
135.9333333,149.11
135.9666667,149.93
136,150.27
136.0333333,152.78
136.0666667,149.83
136.3333333,135.83
136.3666667,138.06
136.4,147.12
136.4333333,151.08
136.5666667,160.53
136.6,156.72
136.6333333,155.93
136.6666667,157.92
136.7,161.79
136.7333333,164.22
136.7666667,162.5
136.8,159.81
136.8333333,162.26
136.8666667,162.1
136.9,162.43
136.9333333,162.61
136.9666667,163.57
137,161.05
137.0333333,161.12
137.1333333,157.17
137.1666667,155.9
137.2,150
137.2333333,140.04
137.5666667,151.48
137.6,150.28
137.6333333,150.28
137.6666667,150.96
137.7,151.38
137.7333333,150.86
137.7666667,149.19
137.8,148.49
137.8333333,150.42
137.8666667,148.49
137.9,148.22
137.9333333,147.26
137.9666667,144.81
138,144.37
138.0333333,145.88
138.0666667,145.6
138.1,144.64
138.1333333,144.37
138.1666667,144.1
138.2,142.62
138.2333333,143.84
138.2666667,142.87
138.3,141.4
138.4666667,147.8
138.7666667,169.43
138.8,169.58
138.8333333,166.68
138.8666667,166.09
138.9,163.49
138.9333333,163.62
138.9666667,162
139,164.22
139.0333333,163
139.0666667,161.52
139.1,159.38
139.1333333,156.12
139.1666667,152.08
139.2,146.66
139.2333333,143.89
139.4333333,154.64
139.4666667,154.73
139.5,152.74
139.5333333,151.56
139.5666667,150.48
139.6,150.65
139.6333333,151.48
139.6666667,152.33
139.7,154.16
139.7333333,155.08
139.7666667,153.03
139.8,154
139.8333333,153.01
139.8666667,151.01
139.9,149.05
140.1333333,163.78
140.1666667,161.41
140.2,155.72
140.2333333,157
140.2666667,156.2
140.4333333,159.38
140.4666667,155.59
140.5,157.8
140.5666667,159.89
140.7666667,154.15
140.8,153.76
140.8333333,154.74
140.8666667,154.56
140.9,156.11
140.9333333,156.31
140.9666667,156.52
141,156.52
141.0333333,155.36
141.0666667,152.07
141.1,147.11
141.1333333,143.89
141.1666667,145.58
141.2,146.09
141.2333333,149.08
141.3666667,152.33
141.4,148.17
141.4333333,144
141.4666667,142
141.5,143.01
142.1666667,162.08
142.2,162.11
142.2333333,161.08
142.2666667,159.31
142.3,155.93
142.3333333,148.97
142.3666667,146.99
142.4,145.99
142.4333333,145
142.4666667,144.89
142.5,143.01
142.5333333,143.01
142.5666667,142.27
142.6,140.16
142.6333333,140.04
142.6666667,138.92
142.7,137.62
142.7333333,136.18
142.7666667,134.13
142.8,144.01
142.8333333,154.02
142.9333333,166.97
142.9666667,163.23
143,161.51
143.0333333,158.68
143.0666667,158.4
143.1,158.27
143.1333333,158.62
143.1666667,158.38
143.2,160.25
143.2333333,162.03
143.2666667,163.03
143.3,163
143.3333333,165
143.3666667,163
143.4,164.01
143.4333333,162.03
143.4666667,162.08
143.6,168.01
143.6333333,163
143.6666667,160.01
143.7,154.01
143.7333333,151.03
143.7666667,149
143.8,147
143.8333333,145.03
143.8666667,144.03
143.9,143.09
143.9333333,143.13
143.9666667,141.23
144,140.43
144.0333333,139.04
144.0666667,140.43
144.2666667,152.84
144.3,147.41
144.3333333,147.34
144.3666667,146.17
144.4666667,140
144.6,142.09
144.6666667,147.57
144.9,136.19
145.2333333,138.09
145.2666667,136
145.3,134.01
145.6,133.45
145.6333333,133.3
145.7,134
145.7333333,134
146.0333333,150.16
146.0666667,154.01
146.1,158.01
146.1333333,160.2
146.1666667,158.62
146.2,159.02
146.2333333,160.25
146.2666667,160.02
146.3,161.12
146.3333333,159.8
146.3666667,157.54
146.4333333,153.16
146.4666667,152.03
146.5,150
146.5333333,149
146.5666667,150
146.6,150.03
146.6333333,152.27
146.6666667,153.39
146.9666667,159.02
147,158.71
147.0333333,157.32
147.0666667,157.2
147.1,158.03
147.1333333,156.26
147.1666667,157.41
147.3333333,148.86
147.3666667,148.86
147.4,147.11
147.4333333,145.88
147.4666667,146.87
147.5,145.5
147.5333333,148.27
147.5666667,148.22
147.6,149.27
147.6333333,151.33
147.6666667,151.4
147.7,152.47
147.7333333,152.84
147.7666667,153.94
147.8,152.84
148.2666667,165.15
148.3333333,164.15
148.4333333,163.2
148.4666667,164.11
148.5333333,164.05
148.5666667,165.08
148.8,164
149,154.55
149.1,145
149.1333333,146.05
149.1666667,143.01
149.2,145
149.2333333,141.13
149.2666667,140.43
149.3,139.14
149.5333333,154.03
149.5666667,153.01
149.6333333,149
149.7,150.21
149.7333333,150.48
149.7666667,148.41
150.1,159
150.2,160
150.3,162.03
150.3333333,163
150.3666667,164.08
150.4,163.08
150.4333333,165.15
150.4666667,162.05
150.5,163.05
150.5333333,163.05
150.5666667,162.05
150.6666667,159.11
150.7333333,160.11
150.8,161.79
150.8333333,161.12
150.8666667,159.91
150.9,157.62
150.9333333,155.26
150.9666667,156.12
151,155.08
151.0333333,156.12
151.0666667,158.26
151.1,161.7
151.3,159.2
151.3333333,160.44
151.3666667,161.12
151.4,162.64
151.4333333,161.97
151.4666667,162.93
151.5,163.51
151.5333333,164.44
151.5666667,164.76
151.6,164.47
151.6333333,163.53
151.6666667,163.53
151.7,163.87
151.7333333,163.27
151.7666667,164.56
152.0333333,149.16
152.0666667,147.51
152.1,142.64
152.1333333,139.49
152.1666667,136.82
152.2,136.31
152.4666667,145.17
152.5,145.17
152.5333333,142.04
152.5666667,142.86
152.6,143.03
152.6333333,146.11
152.6666667,146.76
152.7,154.03
152.9333333,158.53
152.9666667,158.15
153,156.55
153.0333333,155.56
153.0666667,155.56
153.1,154.72
153.1333333,153.58
153.1666667,153.06
153.2,150.33
153.2333333,148.08
153.5,145.28
153.5333333,143.84
153.5666667,144.81
153.6,143.34
153.6333333,142.62
153.6666667,140.19
153.7,138.5
153.7333333,138.05
153.7666667,139.01
153.8,137.79
153.8333333,137.79
153.8666667,138.05
153.9,137.36
153.9333333,138.32
153.9666667,136.68
154,137.64
154.0333333,136.62
154.0666667,136.62
154.1,137.99
154.1333333,136.69
154.6,141.74
154.6333333,142.04
154.6666667,139.94
154.7,139.61
154.7333333,138.57
154.8,138.2
154.8333333,137.3
154.8666667,135.65
154.9333333,131.32
154.9666667,129.34
155.0333333,130.97
155.1,133.99
155.2666667,132.52
155.3333333,134.81
155.4,145
155.4333333,148.3
155.5,150.81
155.5666667,151.8
155.6333333,153.57
155.6666667,152.97
155.7,152.59
155.7333333,152.78
155.8,153.57
155.8333333,152.24
155.8666667,152.24
155.9666667,150.47
156,149.97
156.0333333,152.55
156.2,149.58
156.2333333,149.94
156.2666667,145.84
156.3,147.12
156.3333333,148.06
156.3666667,148.66
156.5666667,145.5
156.6,145.21
156.6333333,144.64
157.1,156.46
157.1333333,156.54
157.1666667,155.46
157.2,153.64
157.2333333,152.74
157.2666667,152.55
157.3,152.47
157.3333333,152.47
157.3666667,152.4
157.4333333,150.33
157.4666667,150.33
157.5,150.48
157.5333333,150.48
157.5666667,149.48
157.6,149.75
157.6333333,151.08
157.6666667,151.33
157.7,153.44
157.7333333,155.05
157.7666667,156.42
157.8,157.41
157.8333333,155.29
157.8666667,155.17
157.9,156.16
157.9333333,155.56
158.1666667,162.52
158.2,160.44
158.2333333,156.92
158.2666667,154.72
158.3,156
158.4666667,157.18
158.5,156.21
158.5333333,157.43
158.5666667,158.14
158.6,157.41
158.6666667,155.33
158.7,155.33
158.7333333,156.11
158.7666667,155.76
158.8,155.33
158.8333333,156.11
158.8666667,155.91
158.9,156.52
158.9333333,156.52
158.9666667,156.31
159,156.52
159.0333333,160.1
159.1333333,162.12
159.1666667,160.7
159.2,160.53
159.2333333,161.52
159.2666667,159.08
159.3,159.05
159.3333333,156.92
159.3666667,159.66
159.5,152.27
159.5333333,147.22
159.5666667,146.09
159.6,147.03
159.6333333,149.08
159.6666667,146.03
159.7,143.13
159.9,140
159.9333333,140.09
159.9666667,143.42
160.2333333,159.62
160.2666667,159.53
160.3,156.2
160.3333333,154
160.3666667,151.08
160.4,149.34
160.4333333,149.41
160.4666667,149.41
160.5,149.48
160.5333333,149.48
160.5666667,147.34
160.6,148.41
160.6333333,146.17
160.6666667,146
160.7,144.5
160.7333333,149.46
160.7666667,158.66
160.8666667,160.82
160.9,156.89
160.9333333,159.05
160.9666667,157.29
161,156.52
161.0333333,155.54
161.0666667,159.66
161.1,158.68
161.1333333,159.81
161.1666667,160.95
161.2,157.33
161.2333333,159.97
161.2666667,158.68
161.3,158.81
161.3333333,159.08
161.3666667,162.31
161.4,170.5
161.4333333,178.47
161.5666667,160.01
161.6,153.05
161.6333333,148.17
161.7,144.17
161.7333333,142.06
161.7666667,138.01
161.8,132.74
161.8333333,129.76
161.8666667,136.62
162,155.54
162.0333333,154.57
162.0666667,150.4
162.1,149
162.1333333,153.03
162.1666667,155.05
162.2,157.08
162.2333333,158.11
162.2666667,157.11
162.3,155.16
162.3333333,154.39
162.3666667,152.4
162.4,150.16
162.4333333,149.05
162.4666667,148.12
162.5,146.01
162.5333333,144
162.5666667,144
162.6,143.03
162.6333333,145.01
162.7,153.33
162.7333333,157.17
162.9333333,160.15
162.9666667,154.01
163.0666667,135.53
163.1,128.79
163.1333333,127.95
163.3333333,142.23
163.8333333,138.13
163.9666667,150.48
164.0666667,150.01
164.1,152.08
164.1333333,152.03
164.1666667,156.01
164.2,154.12
164.2333333,156.46
164.2666667,156.82
164.3666667,157.15
164.4,156.04
164.4333333,151.65
164.4666667,147.22
164.5,148.08
164.5333333,148.03
164.5666667,148
164.6,146.01
164.6333333,147
164.6666667,148.01
164.7,151.12
164.7666667,148.27
164.8,154.18
164.9,157.32
164.9333333,158.2
165.0666667,154.01
165.1,152
165.1333333,148.34
165.1666667,147.57
165.2,147.65
165.2333333,150.14
165.4333333,149.21
165.4666667,147.22
165.5,145.34
165.5333333,145.22
165.5666667,147.28
165.6,148.12
165.6333333,149.12
165.6666667,153.12
165.7,154.12
165.7333333,155.21
165.7666667,153.21
165.8,153.21
165.8333333,154.32
165.8666667,155.82
165.9,156.82
165.9666667,163.52
166,161.2
166.0333333,161.45
166.0666667,160.8
166.1333333,159.67
166.1666667,158.4
166.2,158.53
166.2333333,156.04
166.3666667,150.12
166.5666667,139.59
166.6,137.61
166.6333333,134.97
167.1666667,168.03
167.2,164.03
167.2333333,164.44
167.2666667,163.31
167.3,162.37
167.3333333,160.45
167.3666667,158.38
167.4,157.2
167.4333333,151
167.4666667,147.41
167.5,141.79
167.5333333,142.68
167.7666667,146.99
167.8,144.13
167.8333333,143.27
167.8666667,142.02
167.9,148.76
167.9333333,152.4
168.2666667,148.22
168.4,149.48
168.4333333,159.26
168.4666667,160.38
168.5,158.71
168.5333333,151.48
168.5666667,150.48
168.6,150.48
168.6333333,150.56
168.6666667,149.48
168.7,149.48
169.1,164.68
169.1333333,157.62
169.1666667,155.32
169.2,153.26
169.2333333,151.33
169.2666667,151.08
169.3,152.78
169.5,148.08
169.5333333,149.66
169.5666667,151.08
169.6,151.43
169.6333333,152.78
169.6666667,155.36
169.7,155.71
169.8666667,156.55
169.9666667,150.4
170,147.57
170.0333333,147.67
170.1,147.57
170.1333333,149.48
170.6333333,139.13
170.6666667,143.28
170.7,144.42
170.7333333,143.68
170.7666667,142.59
170.8333333,139.43
170.8666667,139.61
170.9,139.81
170.9333333,140.29
170.9666667,140.43
171,140.58
171.0333333,143.38
171.0666667,146.11
171.2666667,756
171.3,151.05
171.3333333,149.12
171.3666667,149.12
171.4,146.17
171.4333333,145.12
171.4666667,144.22
171.5,143.17
171.5333333,142.03
171.5666667,141.01
171.6,140.03
171.6333333,143.13
171.6666667,144.78
173.1333333,166.3
173.2,166.15
173.2333333,167.05
173.2666667,168.11
173.3,168.05
173.3333333,171.05
173.4,169.05
173.4333333,170.11
173.4666667,168.11
173.5,168.11
173.5333333,168.01
173.5666667,168.03
173.6,167.05
173.6333333,166.03
173.6666667,166
173.7,166
173.7333333,166
173.7666667,166
173.8,165
173.8333333,163.01
173.8666667,162.08
174.2,139.43
174.2333333,141.43
174.2666667,145.77
174.3,147.49
174.3333333,147.49
174.3666667,146.28
174.4,145.28
174.4333333,146.28
174.4666667,144.68
174.5,143.27
174.5333333,141.88
174.5666667,140.62
174.6,140.04
174.6333333,139.27
174.6666667,138.51
174.7,139.22
174.7333333,137.79
174.7666667,136.68
174.8,136.97
174.8333333,139.78
174.8666667,147.05
175.1666667,155.12
175.2,152.03
175.2333333,151.01
175.2666667,147.09
175.3,143.42
175.3333333,143.54
175.3666667,144.18
175.4,143.56
175.4333333,145.13
175.4666667,144.16
175.5,142.97
175.5333333,141.41
175.5666667,140.58
175.8,155.54
175.8333333,147.22
175.8666667,142.06
175.9,140.03
175.9333333,142
175.9666667,142
176,145
176.0333333,150.05
176.0666667,150.21
176.1,154.06
176.2666667,161.28
176.3,156.71
176.5,156.72
176.5333333,155.05
176.5666667,155.17
176.6,157.54
176.9333333,161.12
176.9666667,156.04
177,158.15
177.1666667,158.53
177.2,157.62
177.3,160.7
177.3333333,161.12
177.3666667,162.61
177.4,160.23
177.4333333,162.02
177.4666667,163.49
177.5666667,174.14
177.8333333,158.05
177.8666667,156.08
177.9,156.05
177.9333333,161.01
177.9666667,161.08
178,160.03
178.0333333,158
178.0666667,160.38
178.3,152.27
178.5,154.12
178.5333333,150.16
178.5666667,148.49
178.7666667,162.03
178.8,161.11
178.8333333,159.03
178.8666667,159.2
178.9,158.32
178.9333333,152.27
178.9666667,152.08
179,154
179.0333333,156.16
179.0666667,157.32
179.1,158.62
179.1333333,155.72
179.1666667,156.46
179.2,154.16
179.2333333,152
179.5333333,153.53
179.5666667,148.71
179.6,146.15
179.6333333,141.15
179.6666667,138.46
179.9666667,145.13
180.0666667,153.76
180.1,154.15
180.2333333,166.72
180.2666667,162.98
180.3,158.32
180.3333333,157.33
180.3666667,157.69
180.4,160.02
180.5333333,159.26
180.5666667,157.04
180.7333333,159.14
180.7666667,156.82
180.9333333,156.54
180.9666667,151.2
181,149.83
181.0333333,154.74
181.2,155.46
181.2333333,154.21
181.2666667,152.08
181.3333333,152.16
181.3666667,151.12
181.4,151.01
181.4333333,149
181.4666667,152.12
181.6666667,159.66
181.7,153.59
181.7333333,152.78
181.9,155.54
182,157.92
182.3333333,154.04
182.3666667,148.22
182.5666667,161.11
182.6,160.15
182.6333333,162.05
182.6666667,160.05
182.7,162.01
182.7333333,160.05
182.7666667,159.31
182.8,158.53
183,163.37
183.0333333,159.62
183.0666667,164.22
183.2333333,162.2
183.2666667,160.25
183.3,158.11
183.3333333,159.08
183.3666667,160.11
183.4,160.31
183.4333333,159.2
183.6666667,158.68
183.7,158.4
183.9,165.01
183.9333333,158.05
183.9666667,160
184,160
184.0333333,160
184.0666667,161
184.1,160
184.1333333,161
184.1666667,159
184.2,158
184.2333333,157
184.2666667,157.01
184.3,156.03
184.3333333,157.01
184.3666667,158
184.4,157
184.4333333,157.01
184.4666667,157.03
184.5,158
184.5333333,157
184.5666667,159
184.6,158
184.6333333,157
184.6666667,156
184.7,156
184.9666667,153.05
185.0333333,151.33
185.0666667,154.64
185.1,157.38
185.1333333,157.46
185.1666667,157.54
185.2,156.63
185.2333333,157.62
185.2666667,158.81
185.3,157.71
185.3333333,158.46
185.4,160.53
185.5666667,154.39
185.6,154.16
185.6333333,152.08
185.6666667,152.08
185.7333333,153
185.7666667,151.01
185.8,150.16
186.0333333,148.41
186.0666667,146.05
186.1,144.03
186.1333333,144.28
186.3333333,146.34
186.3666667,146.49
186.5666667,156.08
186.6,152.16
186.6333333,148.08
186.6666667,146.28
186.7,147.49
186.9333333,153.08
186.9666667,151
187,150
187.3666667,159.3
187.4,156.18
187.4666667,163.11
187.6,158.81
187.6333333,157.81
187.6666667,156.82
188.0666667,158.32
188.1,159.48
188.3,157.54
188.3333333,157.15
188.4,154.47
188.4333333,156.63
188.9666667,158.2
189,162.15
189.0333333,157.11
189.0666667,159.08
189.1,159.08
189.1333333,158
189.1666667,163.08
189.4,148.03
189.4333333,138.61
189.8666667,159
189.9,150.03
189.9333333,151.33
189.9666667,146.67
190,146.67
190.0333333,141.23
190.0666667,144.12
190.1,147.05
190.1333333,148
190.1666667,151
190.2,153.05
190.2333333,154.03
190.2666667,151.03
190.3,149.05
190.6333333,145
190.6666667,139.7
190.7,137.93
190.7333333,140.25
191.3666667,161.62
191.5333333,156.82
191.6333333,156.39
191.6666667,158.38
191.7,158.46
191.9,156.54
191.9333333,151.01
191.9666667,154.26
192.1666667,153.26
192.2,149.05
192.5333333,148.66
192.5666667,148.22
192.6,151.25
192.8,159.71
193.2,161.99
193.4666667,156
193.5,153.01
193.5666667,157
193.6,594.72
193.6333333,156.16
193.6666667,158.62
193.7333333,167.45
193.7666667,174.65
193.8,176
193.8333333,176.41
193.8666667,165.6
193.9,167.29
193.9333333,169.06
194.0666667,160.8
194.1,155.93
194.1333333,158.53
194.1666667,156.32
194.2,158.38
194.2333333,157.54
194.2666667,159.62
194.3,155.26
194.3333333,155
194.5333333,157.29
194.5666667,159.66
194.8,157.03
194.8333333,157.01
194.8666667,158
194.9666667,160
195,161.05
195.0333333,162.05
195.0666667,161.08
195.1,161.08
195.1333333,160.01
195.1666667,159.01
195.2,158.01
195.2333333,158
195.2666667,157.01
195.3,157.03
195.3333333,157.03
195.3666667,156.05
195.4,157.08
195.4333333,156.03
195.4666667,156.01
195.5,156.01
195.5333333,157.03
195.5666667,156.03
195.6,155.01
195.6333333,157.03
195.6666667,157.05
195.9333333,154
195.9666667,153.33
196,152.84
196.0333333,152.19
196.0666667,151.33
196.1,153.58
196.1333333,153.94
196.1666667,154.03
196.3666667,155.12
196.4,155
196.4333333,155.01
196.4666667,154.01
196.5,158
196.5333333,160.01
196.5666667,160.45
196.9,161.2
196.9333333,160.08
196.9666667,160
197,157.01
197.0333333,158.03
197.0666667,159.11
197.1,158.11
197.1333333,157.46
197.1666667,153.94
197.2,1237.2
197.2333333,152.74
197.2666667,151.75
197.3,153.39
197.3333333,151.21
197.3666667,149.83
197.4,146.89
197.8666667,145.6
197.9,144.64
198.2,141.21
198.3,143.34
198.3333333,142.62
198.3666667,141.16
199.6333333,156.67
199.6666667,154.92
199.7,151.33
199.7333333,148.95